MHA,MHA_NAME,E01,E02,E03,E04,E05,E06,E07,E08,E09,W01,W02,W03,W04,W05,O01E,O02E,O03E,O01,O02,O03,O04,O05,O06,O07
AK400,"KETCHIKAN, AK",2034,2034,2034,2034,2454,2472,2532,2625,2787,2475,2574,2688,2829,3000,2547,2667,2850,2466,2469,2685,3057,3324,3351,3378
AK401,"SITKA, AK",1884,1884,1884,1884,2367,2385,2487,2625,2760,2388,2547,2715,2781,2856,2511,2691,2787,2379,2382,2712,2877,2991,3018,3039
AK402,"JUNEAU, AK",2088,2088,2088,2088,2550,2568,2619,2706,2847,2571,2658,2763,2883,3027,2631,2745,2901,2562,2565,2760,3075,3300,3327,3354
AK403,"KODIAK ISLAND, AK",2118,2118,2118,2118,2316,2334,2340,2370,2508,2337,2352,2394,2559,2754,2343,2382,2583,2328,2331,2391,2823,3138,3165,3189
AK404,"ANCHORAGE, AK",1995,1995,1995,1995,2331,2349,2493,2682,2877,2352,2574,2802,2910,3033,2529,2769,2922,2343,2346,2796,3072,3267,3294,3321
AK405,"FAIRBANKS, AK",1833,1833,1833,1833,2088,2106,2181,2292,2433,2109,2229,2361,2463,2583,2199,2340,2478,2100,2103,2358,2622,2808,2832,2853
AL001,"ANNISTON/FORT MCCLELLAN, AL",1017,1017,1017,1017,1053,1308,1326,1347,1416,1323,1338,1368,1443,1533,1329,1359,1452,1092,1305,1365,1563,1707,1719,1728
AL002,"FORT RUCKER, AL",1239,1239,1239,1239,1338,1539,1698,1872,2037,1557,1773,1986,2064,2151,1728,1953,2073,1368,1536,1980,2181,2319,2337,2352
AL003,"HUNTSVILLE, AL",1563,1563,1563,1563,1695,1980,2001,2010,2052,1998,2007,2019,2082,2190,2004,2013,2094,1737,1977,2016,2223,2391,2412,2427
AL004,"MOBILE, AL",1587,1587,1587,1587,1728,1875,1893,1905,2019,1890,1899,1923,2064,2229,1896,1914,2082,1755,1872,1920,2286,2553,2574,2592
AL005,"MONTGOMERY, AL",1356,1356,1356,1356,1404,1494,1551,1620,1755,1509,1581,1665,1794,1944,1560,1650,1812,1422,1491,1662,1995,2232,2250,2265
AL006,"AUBURN, AL",1254,1254,1254,1254,1314,1458,1665,1890,2139,1476,1758,2037,2181,2349,1707,1995,2202,1341,1455,2028,2409,2676,2697,2718
AL007,"BIRMINGHAM, AL",1632,1632,1632,1632,1782,1953,1971,1980,1992,1968,1977,1989,2007,2058,1974,1983,2010,1809,1950,1986,2073,2154,2169,2184
AR010,"LITTLE ROCK, AR",1554,1554,1554,1554,1587,1605,1677,1761,1902,1620,1713,1818,1938,2079,1689,1800,1953,1599,1602,1815,2127,2346,2367,2382
AR012,"FORT CHAFFEE/FORT SMITH, AR",903,903,903,903,1020,1518,1542,1551,1581,1539,1548,1560,1605,1692,1545,1554,1614,1086,1515,1557,1716,1851,1863,1875
AR411,"FAYETTEVILLE, AR",1254,1254,1254,1254,1350,1671,1758,1854,1962,1689,1800,1917,1986,2067,1773,1899,1995,1395,1668,1914,2091,2217,2235,2250
AZ013,"PHOENIX, AZ",2160,2160,2160,2160,2382,2445,2475,2517,2589,2460,2496,2547,2613,2694,2478,2535,2619,2400,2442,2544,2718,2844,2868,2889
AZ014,"FORT HUACHUCA, AZ",1344,1344,1344,1344,1446,1812,1854,1896,1938,1833,1872,1926,1950,1977,1857,1914,1953,1497,1809,1923,1980,2019,2037,2049
AZ015,"DAVIS-MONTHAN AFB, AZ",1569,1569,1569,1569,1737,2055,2079,2088,2133,2076,2085,2097,2157,2238,2082,2091,2163,1782,2052,2094,2262,2388,2406,2424
AZ016,"YUMA, AZ",1410,1410,1410,1410,1545,1716,1776,1842,1941,1734,1806,1887,1965,2061,1785,1872,1977,1572,1713,1884,2088,2235,2253,2268
CA018,"OAKLAND, CA",3327,3327,3327,3327,3585,3858,3909,3966,4110,3876,3936,4005,4155,4332,3918,3990,4176,3627,3855,4002,4395,4677,4719,4758
CA019,"SAN FRANCISCO, CA",4332,4332,4332,4332,4644,5076,5100,5109,5289,5097,5106,5118,5367,5697,5103,5112,5412,4701,5073,5115,5817,6342,6399,6456
CA021,"CHINA LAKE, CA",1146,1146,1146,1146,1179,1536,1647,1764,1938,1554,1698,1842,1980,2139,1665,1821,1998,1227,1533,1839,2193,2445,2466,2484
CA022,"FRESNO, CA",1872,1872,1872,1872,2130,2478,2565,2658,2760,2499,2607,2718,2781,2853,2580,2700,2787,2178,2475,2715,2874,2985,3012,3033
CA023,"LEMOORE NAS, CA",1866,1866,1866,1866,2103,2337,2358,2367,2379,2355,2364,2376,2382,2412,2361,2370,2385,2139,2334,2373,2418,2469,2490,2508
CA024,"CAMP PENDLETON, CA",3156,3156,3156,3156,3408,3753,3903,4062,4254,3774,3969,4164,4290,4437,3930,4134,4308,3456,3750,4161,4485,4716,4761,4800
CA025,"VENTURA, CA",3138,3138,3138,3138,3258,3678,3744,3816,3930,3699,3777,3864,3963,4080,3753,3846,3975,3315,3675,3861,4116,4302,4341,4374
CA026,"VANDENBERG SFB, CA",2760,2760,2760,2760,3042,3057,3063,3084,3183,3060,3072,3105,3216,3351,3066,3099,3234,3051,3054,3102,3396,3603,3633,3660
CA027,"MARIN/SONOMA, CA",3078,3078,3078,3078,3132,3762,3786,3795,3909,3783,3792,3804,3966,4191,3789,3798,3996,3213,3756,3801,4269,4626,4668,4707
CA028,"BARSTOW/FORT IRWIN, CA",1731,1731,1731,1731,1806,2160,2322,2496,2643,2181,2394,2607,2661,2718,2352,2577,2664,1857,2157,2601,2733,2823,2847,2868
CA031,"SAN BERNARDINO, CA",2673,2673,2673,2673,2901,3207,3228,3237,3255,3225,3234,3246,3276,3345,3231,3240,3282,2946,3204,3243,3366,3471,3501,3531
CA032,"TWENTY NINE PALMS MCB, CA",1974,1974,1974,1974,2352,2367,2475,2619,2823,2370,2535,2715,2865,3048,2502,2688,2892,2361,2364,2706,3111,3396,3423,3450
CA033,"BEALE AFB, CA",2667,2667,2667,2667,2883,3018,3036,3045,3072,3033,3042,3054,3096,3183,3039,3048,3105,2907,3015,3051,3210,3342,3372,3396
CA034,"SACRAMENTO, CA",2523,2523,2523,2523,2844,2937,2976,3024,3117,2952,2997,3060,3144,3246,2982,3045,3156,2865,2934,3057,3279,3438,3468,3495
CA035,"STOCKTON, CA",2043,2043,2043,2043,2100,2418,2532,2658,2808,2436,2586,2739,2841,2958,2553,2715,2853,2145,2415,2733,2997,3183,3210,3234
CA036,"VALLEJO/TRAVIS AFB, CA",2988,2988,2988,2988,3342,3360,3378,3387,3408,3375,3384,3396,3429,3504,3381,3390,3435,3354,3357,3393,3525,3642,3672,3702
CA037,"LOS ANGELES, CA",3291,3291,3291,3291,3531,3711,3900,4107,4380,3729,3987,4242,4437,4665,3939,4203,4467,3561,3708,4233,4746,5109,5154,5199
CA038,"SAN DIEGO, CA",3639,3639,3639,3639,3792,3807,3945,4122,4392,3810,4020,4239,4449,4704,3981,4206,4488,3801,3804,4230,4794,5196,5241,5286
CA039,"MONTEREY, CA",2907,2907,2907,2907,3039,3555,3819,4101,4386,3579,3936,4284,4431,4602,3870,4233,4452,3105,3549,4272,4662,4932,4977,5019
CA041,"RIVERSIDE, CA",2865,2865,2865,2865,3114,3213,3291,3381,3465,3228,3330,3441,3480,3522,3306,3423,3483,3135,3210,3438,3534,3600,3633,3660
CA042,"HUMBOLDT COUNTY, CA",1479,1479,1479,1479,1536,2052,2235,2430,2658,2076,2319,2556,2700,2871,2271,2520,2721,1602,2049,2550,2928,3195,3222,3246
CA044,"SANTA CLARA COUNTY, CA",3981,3981,3981,3981,4362,4656,4677,4686,4863,4674,4683,4695,4944,5274,4680,4689,4989,4404,4653,4692,5394,5919,5973,6027
CA392,"SAN LUIS OBISPO, CA",2466,2466,2466,2466,2613,3084,3237,3399,3594,3105,3306,3504,3633,3783,3264,3474,3651,2676,3078,3498,3834,4071,4107,4140
CA393,"BRIDGEPORT, CA",1650,1650,1650,1650,1695,2349,2421,2496,2622,2370,2454,2550,2655,2781,2433,2532,2670,1776,2340,2547,2823,3024,3048,3072
CA420,"EL CENTRO, CA",1662,1662,1662,1662,1725,1974,2067,2169,2310,1989,2109,2235,2343,2472,2082,2214,2358,1761,1971,2232,2514,2715,2739,2757
CA457,"EDWARDS AFB/PALMDALE, CA",2244,2244,2244,2244,2451,2778,2802,2811,2883,2799,2808,2820,2925,3081,2805,2814,2943,2496,2775,2817,3135,3381,3411,3438
CO045,"DENVER, CO",2409,2409,2409,2409,2670,2829,2847,2871,2955,2844,2859,2892,2985,3096,2850,2883,2997,2697,2826,2889,3132,3309,3336,3363
CO046,"COLORADO SPRINGS, CO",2007,2007,2007,2007,2139,2325,2355,2394,2478,2340,2373,2421,2505,2607,2358,2409,2517,2169,2322,2418,2640,2802,2826,2844
CO047,"FORT COLLINS, CO",1851,1851,1851,1851,1986,2223,2322,2430,2550,2238,2367,2499,2574,2658,2337,2478,2583,2022,2220,2496,2685,2817,2841,2862
CO422,"BOULDER, CO",2352,2352,2352,2352,2490,3120,3285,3462,3618,3141,3360,3576,3639,3708,3318,3543,3642,2571,3111,3570,3726,3834,3867,3897
CT049,"NEW LONDON, CT",1944,1944,1944,1944,2079,2586,2622,2658,2745,2607,2640,2685,2775,2886,2625,2673,2787,2145,2583,2682,2922,3093,3120,3141
CT050,"HARTFORD, CT",2154,2154,2154,2154,2421,2829,2991,3168,3345,2850,3066,3279,3375,3486,3024,3249,3387,2475,2826,3273,3522,3696,3729,3756
CT051,"NEW HAVEN/FAIRFIELD, CT",2658,2658,2658,2658,2778,3321,3345,3354,3459,3342,3351,3363,3510,3717,3348,3357,3537,2847,3318,3360,3789,4116,4155,4188
DC053,"WASHINGTON, DC METRO AREA",2655,2655,2655,2655,2658,3075,3162,3255,3408,3096,3204,3315,3447,3600,3177,3297,3465,2706,3072,3312,3654,3897,3933,3963
DE054,"DOVER AFB/REHOBOTH, DE",2001,2001,2001,2001,2142,2157,2271,2421,2577,2160,2337,2523,2601,2694,2301,2496,2613,2151,2154,2514,2724,2865,2886,2907
FL056,"EGLIN AFB, FL",2340,2340,2340,2340,2343,2370,2553,2778,2940,2373,2646,2922,2952,2988,2595,2880,2955,2346,2367,2913,2997,3048,3075,3096
FL057,"GAINESVILLE, FL",1749,1749,1749,1749,1791,2010,2124,2247,2382,2028,2178,2328,2406,2499,2145,2304,2415,1824,2007,2325,2526,2667,2688,2709
FL058,"JACKSONVILLE, FL",2088,2088,2088,2088,2226,2277,2295,2304,2316,2292,2301,2313,2337,2400,2298,2307,2340,2241,2274,2310,2418,2517,2538,2556
FL059,"PATRICK SFB, FL",2358,2358,2358,2358,2694,2709,2715,2724,2751,2712,2721,2733,2772,2868,2718,2727,2784,2703,2706,2730,2898,3039,3063,3087
FL061,"MIAMI/FORT LAUDERDALE, FL",3456,3456,3456,3456,3510,3525,3660,3834,4116,3528,3735,3948,4182,4461,3693,3915,4221,3519,3522,3939,4560,5004,5046,5088
FL062,"ORLANDO, FL",2382,2382,2382,2382,2550,2568,2598,2637,2727,2580,2616,2667,2751,2856,2604,2658,2766,2559,2565,2664,2889,3048,3072,3096
FL063,"PANAMA CITY, FL",1752,1752,1752,1752,1764,2226,2328,2436,2550,2247,2376,2508,2571,2643,2346,2487,2577,1824,2223,2505,2667,2778,2802,2823
FL064,"PENSACOLA, FL",1683,1683,1683,1683,1731,2118,2142,2151,2193,2139,2148,2160,2220,2328,2145,2154,2232,1782,2115,2157,2364,2529,2550,2568
FL065,"TALLAHASSEE, FL",1422,1422,1422,1422,1461,1644,1803,1980,2172,1662,1878,2091,2205,2337,1836,2058,2220,1491,1641,2085,2382,2589,2610,2628
FL066,"TAMPA, FL",2421,2421,2421,2421,2598,2727,2745,2754,2766,2742,2751,2763,2769,2775,2748,2757,2772,2622,2724,2760,2778,2796,2820,2841
FL067,"WEST PALM BEACH, FL",2898,2898,2898,2898,3081,3099,3249,3417,3636,3114,3318,3534,3678,3849,3279,3501,3702,3093,3096,3525,3909,4176,4212,4245
FL068,"OCALA, FL",1824,1824,1824,1824,1950,1968,2022,2088,2220,1983,2052,2133,2259,2409,2031,2118,2277,1962,1965,2130,2457,2694,2715,2736
FL069,"FLORIDA KEYS, FL",3378,3378,3378,3378,3489,3810,3924,4047,4290,3828,3978,4128,4356,4623,3945,4104,4392,3534,3807,4122,4719,5145,5193,5235
FL070,"VOLUSIA COUNTY, FL",1908,1908,1908,1908,2013,2343,2364,2373,2421,2361,2370,2382,2442,2535,2367,2376,2454,2058,2343,2379,2562,2697,2718,2736
FL423,"FORT PIERCE, FL",2277,2277,2277,2277,2385,2595,2649,2709,2838,2610,2676,2751,2877,3024,2655,2736,2895,2418,2592,2748,3075,3309,3336,3363
FL424,"FORT MYERS BEACH, FL",2283,2283,2283,2283,2376,2529,2616,2712,2817,2541,2658,2778,2835,2904,2634,2760,2841,2400,2526,2775,2922,3024,3045,3069
GA071,"ATLANTA, GA",2163,2163,2163,2163,2262,2406,2424,2433,2481,2421,2430,2442,2511,2625,2427,2436,2523,2289,2403,2439,2661,2841,2865,2886
GA072,"ALBANY, GA",1143,1143,1143,1143,1215,1326,1485,1662,1881,1341,1560,1776,1926,2103,1515,1743,1950,1236,1323,1770,2166,2448,2466,2484
GA073,"FORT GORDON, GA",1530,1530,1530,1530,1599,1878,1911,1947,2025,1896,1929,1977,2052,2145,1914,1965,2061,1641,1875,1974,2172,2316,2334,2352
GA074,"KINGS BAY/BRUNSWICK, GA",1782,1782,1782,1782,1791,1809,1947,2103,2286,1821,2013,2205,2319,2457,1977,2175,2337,1800,1806,2196,2505,2718,2739,2757
GA075,"FORT BENNING, GA",1392,1392,1392,1392,1464,1746,1767,1776,1794,1764,1773,1785,1812,1869,1770,1779,1815,1506,1743,1782,1884,1971,1986,1998
GA076,"ROBINS AFB, GA",1500,1500,1500,1500,1539,1632,1722,1827,1977,1647,1767,1893,2013,2148,1740,1875,2028,1557,1629,1890,2193,2409,2430,2445
GA077,"SAVANNAH, GA",1926,1926,1926,1926,2022,2160,2178,2187,2256,2175,2184,2196,2295,2433,2181,2190,2310,2046,2157,2193,2478,2697,2721,2739
GA079,"DAHLONEGA, GA",1851,1851,1851,1851,1953,2205,2253,2304,2400,2223,2274,2340,2427,2535,2256,2325,2439,1992,2202,2337,2568,2733,2757,2778
GA080,"FORT STEWART, GA",1716,1716,1716,1716,1788,1917,1959,2004,2103,1932,1980,2040,2133,2247,1962,2025,2145,1812,1914,2037,2283,2460,2478,2496
GA081,"MOODY AFB, GA",1191,1191,1191,1191,1194,1431,1479,1533,1653,1449,1503,1569,1692,1836,1485,1557,1710,1224,1428,1566,1887,2115,2133,2148
HI407,"MAUI COUNTY, HI",3225,3225,3225,3225,3618,4287,4350,4419,4617,4305,4380,4464,4677,4932,4362,4452,4713,3699,4278,4461,5025,5427,5475,5520
HI408,"HONOLULU COUNTY, HI",3084,3084,3084,3084,3303,3513,3648,3792,3990,3531,3708,3888,4032,4203,3672,3861,4053,3336,3510,3882,4260,4527,4569,4608
HI409,"HAWAII COUNTY, HI",2175,2175,2175,2175,2265,2283,2301,2310,2388,2298,2307,2319,2421,2547,2304,2313,2436,2277,2280,2316,2589,2790,2814,2832
HI414,"KAUAI COUNTY,HI",2853,2853,2853,2853,3024,3366,3387,3396,3549,3384,3393,3405,3621,3906,3390,3399,3660,3072,3363,3402,4011,4467,4506,4545
IA082,"DES MOINES, IA",1260,1260,1260,1260,1479,1920,1965,2013,2124,1941,1989,2046,2160,2298,1971,2034,2178,1539,1917,2043,2346,2562,2583,2601
ID084,"BOISE, ID",1854,1854,1854,1854,1914,2346,2385,2424,2505,2367,2403,2454,2529,2622,2388,2442,2538,1974,2343,2451,2652,2799,2823,2841
ID086,"MOUNTAIN HOME AFB, ID",1776,1776,1776,1776,1806,2415,2439,2448,2517,2436,2445,2457,2556,2706,2442,2451,2574,1884,2409,2454,2760,2997,3021,3045
IL088,"CHAMPAIGN/URBANA, IL",1137,1137,1137,1137,1212,1626,1647,1662,1755,1644,1653,1680,1788,1920,1650,1671,1803,1266,1623,1677,1965,2172,2190,2205
IL089,"ROCK ISLAND, IL",1404,1404,1404,1404,1641,1824,1845,1854,1890,1842,1851,1863,1917,2016,1848,1857,1926,1671,1821,1860,2046,2199,2217,2229
IL090,"PEORIA, IL",1299,1299,1299,1299,1398,1821,1845,1854,1896,1842,1851,1863,1926,2034,1848,1857,1938,1455,1818,1860,2070,2238,2256,2271
IL092,"GREAT LAKES NAVTRACEN, IL",1884,1884,1884,1884,1992,2373,2499,2634,2808,2394,2559,2721,2844,2985,2523,2697,2859,2046,2370,2718,3033,3255,3285,3309
IL093,"SCOTT AFB, IL",1284,1284,1284,1284,1287,1668,1770,1881,2025,1689,1818,1950,2055,2178,1788,1929,2070,1332,1665,1947,2220,2412,2430,2448
IL325,"CHICAGO, IL",2562,2562,2562,2562,2709,2727,2769,2823,2940,2739,2793,2859,2973,3111,2778,2850,2991,2718,2724,2856,3156,3372,3396,3423
IL335,"SPRINGFIELD/DECATUR,IL",1275,1275,1275,1275,1422,1836,1902,1971,2061,1857,1932,2019,2085,2163,1911,2004,2091,1479,1833,2016,2187,2310,2328,2343
IN094,"INDIANAPOLIS, IN",1602,1602,1602,1602,1734,1983,2004,2013,2040,2001,2010,2022,2064,2148,2007,2016,2073,1770,1980,2019,2175,2304,2325,2340
IN097,"FORT WAYNE, IN",1434,1434,1434,1434,1488,1776,1815,1860,1974,1794,1836,1890,2013,2160,1821,1878,2031,1530,1773,1887,2211,2445,2463,2481
IN338,"TERRE HAUTE, IN",1038,1038,1038,1038,1086,1293,1314,1323,1389,1311,1320,1332,1425,1548,1317,1326,1437,1119,1290,1329,1590,1788,1803,1812
IN399,"BLOOMINGTON, IN",1479,1479,1479,1479,1605,1626,1782,1956,2184,1641,1854,2070,2232,2421,1812,2037,2256,1617,1623,2064,2487,2790,2814,2832
KS100,"FORT RILEY, KS",1086,1086,1086,1086,1164,1533,1581,1632,1737,1554,1605,1671,1770,1887,1587,1656,1782,1215,1530,1668,1926,2109,2127,2142
KS101,"WICHITA/MCCONNELL AFB, KS",1140,1140,1140,1140,1197,1614,1653,1692,1785,1635,1671,1719,1815,1932,1656,1707,1830,1254,1611,1716,1971,2154,2169,2184
KS102,"FORT LEAVENWORTH, KS",1551,1551,1551,1551,1638,2043,2088,2136,2187,2064,2109,2169,2199,2238,2094,2157,2202,1692,2040,2166,2244,2301,2319,2334
KS105,"TOPEKA, KS",1155,1155,1155,1155,1239,1668,1692,1701,1758,1689,1698,1710,1788,1899,1695,1704,1800,1296,1665,1707,1935,2112,2130,2142
KY106,"FORT CAMPBELL, KY",1593,1593,1593,1593,1596,1821,1932,2055,2205,1839,1986,2133,2238,2358,1953,2109,2250,1623,1818,2127,2397,2589,2610,2628
KY107,"LEXINGTON, KY",1338,1338,1338,1338,1407,1695,1734,1779,1890,1713,1755,1812,1926,2061,1740,1800,1941,1449,1692,1809,2106,2322,2340,2358
KY109,"LOUISVILLE, KY",1587,1587,1587,1587,1782,1977,2034,2100,2202,1992,2064,2142,2232,2334,2043,2127,2241,1812,1974,2139,2367,2529,2550,2568
KY110,"FORT KNOX, KY",1095,1095,1095,1095,1155,1536,1617,1707,1836,1554,1656,1764,1866,1986,1632,1746,1881,1209,1533,1761,2025,2211,2229,2244
KY339,"FRANKFORT, KY",975,975,975,975,1062,1407,1434,1461,1539,1425,1446,1485,1569,1671,1437,1473,1578,1110,1404,1482,1701,1860,1875,1887
KY430,"PADUCAH, KY",1086,1086,1086,1086,1137,1542,1671,1806,1959,1563,1728,1896,1989,2097,1692,1869,2001,1191,1539,1893,2130,2298,2316,2331
LA113,"ALEXANDRIA, LA",981,981,981,981,1026,1455,1506,1560,1653,1476,1533,1599,1677,1770,1512,1587,1686,1083,1452,1596,1800,1947,1962,1974
LA114,"BATON ROUGE, LA",1647,1647,1647,1647,1788,1896,1944,2001,2124,1911,1971,2043,2163,2307,1950,2028,2181,1809,1893,2040,2355,2583,2604,2622
LA115,"FORT POLK, LA",939,939,939,939,1032,1326,1392,1467,1566,1344,1425,1515,1590,1677,1404,1500,1599,1074,1323,1512,1704,1842,1854,1866
LA116,"NEW ORLEANS, LA",1647,1647,1647,1647,1800,2223,2247,2256,2328,2244,2253,2265,2367,2523,2250,2259,2388,1857,2220,2262,2574,2817,2841,2862
LA117,"SHREVEPORT/BARKSDALE AFB, LA",1173,1173,1173,1173,1260,1605,1680,1764,1899,1623,1719,1821,1932,2067,1695,1803,1950,1308,1602,1818,2109,2319,2337,2355
LA118,"LAFAYETTE, LA",1530,1530,1530,1530,1569,1860,1914,1971,2091,1878,1938,2010,2130,2271,1920,1998,2145,1611,1857,2007,2319,2541,2562,2580
LA326,"ST MARY AND TERREBONNE, LA",1389,1389,1389,1389,1500,1611,1641,1680,1755,1626,1662,1710,1779,1863,1647,1698,1788,1521,1608,1707,1887,2016,2034,2046
LA370,"LAKE CHARLES, LA",1332,1332,1332,1332,1431,1755,1776,1785,1854,1773,1782,1797,1881,1986,1779,1788,1893,1476,1752,1794,2022,2187,2205,2217
LA371,"MONROE, LA",984,984,984,984,1023,1404,1497,1599,1701,1425,1542,1662,1719,1785,1515,1644,1725,1077,1401,1659,1803,1905,1920,1929
MA119,"NANTUCKET, MA",3345,3345,3345,3345,3741,4395,4611,4842,5145,4419,4707,4992,5208,5460,4653,4947,5241,3822,4389,4983,5550,5952,6009,6060
MA120,"BOSTON, MA",3852,3852,3852,3852,4188,4263,4422,4599,4884,4275,4497,4716,4947,5223,4455,4683,4986,4203,4260,4707,5322,5757,5805,5856
MA122,"WORCESTER, MA",2466,2466,2466,2466,2469,2685,2883,3099,3372,2706,2973,3237,3429,3654,2922,3198,3459,2496,2682,3228,3735,4092,4128,4161
MA123,"FITCHBURG, MA",2556,2556,2556,2556,2559,2928,3144,3375,3585,2952,3243,3525,3612,3711,3186,3483,3621,2604,2925,3516,3741,3897,3933,3963
MA124,"CAPE COD-PLYMOUTH, MA",3027,3027,3027,3027,3222,3528,3591,3657,3861,3546,3621,3702,3924,4188,3603,3690,3960,3261,3528,3699,4281,4698,4737,4776
MA125,"ESSEX CO, MA",2679,2679,2679,2679,2856,3246,3432,3633,3882,3267,3519,3765,3930,4122,3468,3726,3954,2910,3243,3756,4191,4497,4539,4575
MA126,"HAMPDEN COUNTY, MA",1896,1896,1896,1896,1962,2373,2559,2757,2961,2394,2643,2886,2994,3123,2595,2847,3009,2019,2370,2877,3165,3366,3393,3420
MA151,"MARTHA'S VINEYARD, MA",3159,3159,3159,3159,3366,3708,3810,3918,4119,3726,3858,3990,4170,4383,3831,3972,4200,3411,3708,3984,4458,4794,4833,4875
MA377,"HANSCOM AFB, MA",3267,3267,3267,3267,3348,3900,3993,4092,4335,3921,4035,4155,4407,4704,4008,4137,4449,3420,3894,4152,4812,5286,5337,5382
MD127,"ABERDEEN PROVING GROUNDS, MD",1998,1998,1998,1998,2142,2346,2469,2607,2799,2364,2529,2697,2844,3018,2493,2670,2865,2175,2343,2691,3078,3351,3381,3405
MD128,"ANNAPOLIS, MD",2415,2415,2415,2415,2511,2856,2877,2886,3015,2874,2883,2898,3063,3264,2880,2889,3090,2559,2853,2895,3333,3648,3681,3708
MD129,"BALTIMORE, MD",2244,2244,2244,2244,2424,2760,2781,2793,2901,2778,2787,2811,2943,3102,2784,2802,2961,2472,2757,2808,3156,3408,3438,3465
MD130,"FORT DETRICK, MD",2004,2004,2004,2004,2007,2673,2697,2706,2784,2694,2703,2715,2823,2985,2700,2709,2844,2082,2664,2712,3039,3291,3321,3345
MD133,"FORT G. G. MEADE, MD",2499,2499,2499,2499,2634,2850,2937,3033,3180,2865,2979,3096,3216,3360,2952,3075,3234,2667,2847,3093,3408,3636,3666,3696
MD134,"INDIAN HEAD NAVORDSTA, MD",2616,2616,2616,2616,2703,2832,2922,3021,3186,2847,2964,3087,3228,3396,2937,3066,3249,2727,2829,3084,3453,3714,3747,3777
MD135,"PATUXENT RIVER, MD",2040,2040,2040,2040,2235,2271,2307,2355,2466,2286,2328,2388,2505,2643,2313,2376,2520,2247,2268,2385,2691,2910,2934,2958
MD432,"EASTERN SHORE, MD",1743,1743,1743,1743,1866,2034,2055,2064,2109,2052,2061,2073,2139,2253,2058,2067,2151,1893,2031,2070,2289,2466,2487,2505
MD458,"OXFORD,MD",1908,1908,1908,1908,2091,2382,2403,2412,2493,2400,2409,2421,2535,2706,2406,2415,2556,2133,2379,2418,2763,3033,3057,3081
ME136,"BRUNSWICK, ME",1731,1731,1731,1731,1995,2439,2754,3093,3366,2463,2895,3315,3390,3480,2823,3252,3399,2049,2436,3297,3507,3654,3681,3711
ME139,"PORTLAND, ME",2607,2607,2607,2607,2787,3045,3189,3348,3609,3063,3255,3447,3672,3936,3216,3420,3708,2823,3042,3444,4032,4452,4491,4530
ME141,"COASTAL MAINE, ME",1863,1863,1863,1863,2142,2493,2514,2523,2553,2511,2520,2532,2574,2658,2517,2526,2586,2187,2490,2529,2682,2808,2829,2847
ME390,"BANGOR, ME",1470,1470,1470,1470,1662,1800,1944,2103,2220,1815,2010,2205,2232,2256,1971,2175,2235,1686,1797,2202,2262,2298,2319,2334
MI142,"DETROIT, MI",1806,1806,1806,1806,2055,2430,2454,2463,2559,2451,2460,2472,2607,2799,2457,2466,2631,2106,2427,2469,2868,3174,3201,3225
MI143,"MARQUETTE, MI",1503,1503,1503,1503,1629,1923,1992,2064,2190,1941,2022,2112,2223,2355,2001,2097,2238,1671,1920,2109,2400,2604,2628,2646
MI145,"SAULT STE MARIE, MI",999,999,999,999,1032,1245,1344,1449,1545,1263,1389,1521,1563,1608,1359,1500,1566,1065,1242,1518,1620,1689,1704,1713
MI146,"TRAVERSE CITY, MI",1434,1434,1434,1434,1452,1959,2130,2310,2496,1980,2205,2427,2529,2643,2160,2394,2541,1518,1953,2421,2682,2865,2889,2910
MI148,"GRAND HAVEN, MI",1824,1824,1824,1824,2064,2202,2220,2229,2241,2217,2226,2238,2244,2250,2223,2232,2247,2088,2199,2235,2253,2256,2259,2271
MI152,"BATTLE CREEK/KALAMAZOO, MI",1362,1362,1362,1362,1476,1923,1992,2067,2217,1944,2025,2115,2262,2433,2004,2100,2283,1536,1920,2112,2493,2766,2790,2811
MI153,"LANSING, MI",1356,1356,1356,1356,1479,1767,1836,1911,2064,1785,1869,1962,2109,2283,1848,1944,2130,1521,1764,1959,2346,2622,2643,2664
MI154,"GRAND RAPIDS, MI",1578,1578,1578,1578,1683,1905,1992,2085,2226,1923,2034,2148,2262,2394,2007,2130,2277,1716,1902,2145,2439,2649,2670,2688
MI155,"ANN ARBOR, MI",1995,1995,1995,1995,2217,2694,2829,2970,3117,2718,2889,3063,3141,3231,2853,3036,3150,2280,2691,3057,3261,3402,3432,3459
MI156,"SAGINAW, MI",1224,1224,1224,1224,1371,1566,1584,1593,1617,1581,1590,1602,1638,1716,1587,1596,1647,1404,1563,1599,1737,1854,1869,1878
MN158,"DULUTH, MN",1464,1464,1464,1464,1476,1839,1893,1953,2043,1860,1920,1995,2070,2160,1902,1980,2079,1527,1836,1992,2187,2325,2346,2361
MN159,"MINNEAPOLIS/ST PAUL, MN",1890,1890,1890,1890,2154,2358,2427,2505,2640,2376,2463,2559,2676,2814,2439,2541,2691,2184,2355,2556,2859,3078,3102,3126
MO160,"KANSAS CITY, MO",1701,1701,1701,1701,1905,1983,2070,2169,2298,1998,2115,2235,2328,2439,2085,2214,2340,1923,1980,2232,2475,2646,2670,2688
MO161,"ST. LOUIS, MO",1785,1785,1785,1785,1917,2184,2244,2307,2418,2202,2271,2352,2451,2568,2253,2337,2463,1956,2181,2349,2604,2787,2811,2832
MO162,"WHITEMAN AFB, MO",1122,1122,1122,1122,1245,1401,1545,1707,1845,1416,1614,1809,1866,1929,1572,1779,1869,1272,1398,1803,1947,2043,2058,2073
MO163,"FORT LEONARD WOOD, MO",1146,1146,1146,1146,1164,1320,1410,1512,1602,1332,1455,1581,1611,1653,1431,1563,1617,1188,1317,1575,1662,1716,1728,1737
MO164,"SPRINGFIELD, MO",1104,1104,1104,1104,1170,1569,1683,1806,1980,1587,1737,1884,2019,2178,1704,1863,2040,1224,1566,1881,2232,2481,2499,2517
MO165,"COLUMBIA/JEFFERSON CITY,MO",1002,1002,1002,1002,1071,1245,1425,1620,1803,1263,1506,1746,1830,1926,1458,1710,1839,1101,1242,1737,1959,2109,2127,2142
MO344,"SAINT JOSEPH, MO",993,993,993,993,1035,1341,1362,1371,1407,1359,1368,1380,1425,1482,1365,1374,1428,1080,1338,1377,1500,1590,1602,1611
MS168,"GULFPORT, MS",1254,1254,1254,1254,1353,1371,1500,1647,1818,1386,1563,1743,1851,1977,1527,1716,1866,1365,1368,1737,2019,2217,2235,2250
MS169,"COLUMBUS AFB, MS",1008,1008,1008,1008,1053,1431,1524,1623,1749,1449,1566,1689,1776,1881,1539,1668,1788,1104,1428,1686,1914,2076,2091,2106
MS170,"JACKSON, MS",1419,1419,1419,1419,1563,1857,1947,2046,2181,1875,1989,2109,2211,2331,1962,2088,2226,1605,1854,2106,2370,2559,2580,2601
MS171,"MERIDIAN, MS",1011,1011,1011,1011,1077,1362,1494,1635,1770,1380,1554,1728,1791,1866,1518,1701,1797,1119,1359,1722,1887,1998,2016,2028
MS172,"HATTIESBURG, MS",1266,1266,1266,1266,1269,1461,1536,1617,1749,1476,1572,1674,1785,1917,1548,1656,1800,1293,1458,1671,1959,2166,2184,2199
MT175,"MALMSTROM SFB/GREAT FALLS, MT",1176,1176,1176,1176,1296,1515,1647,1791,1935,1533,1707,1884,1962,2049,1671,1857,1968,1329,1512,1878,2076,2217,2235,2250
MT347,"HELENA, MT",1467,1467,1467,1467,1524,2061,2202,2352,2514,2082,2265,2451,2541,2649,2232,2424,2553,1590,2058,2445,2682,2847,2868,2889
NC176,"OUTER BANKS, NC",1944,1944,1944,1944,1947,2025,2067,2118,2217,2040,2091,2154,2250,2364,2073,2139,2262,1959,2022,2151,2403,2583,2604,2622
NC177,"MOREHEAD/CHERRY PT MCAS, NC",1659,1659,1659,1659,1662,1692,1746,1833,1923,1695,1785,1890,1941,1998,1758,1872,1944,1668,1689,1887,2016,2106,2121,2136
NC178,"CAMP LEJEUNE, NC",1335,1335,1335,1335,1338,1653,1707,1761,1860,1674,1731,1800,1890,1995,1713,1785,1899,1377,1650,1797,2028,2196,2214,2226
NC179,"CHARLOTTE, NC",2013,2013,2013,2013,2163,2181,2199,2208,2220,2196,2205,2217,2235,2289,2202,2211,2238,2175,2178,2214,2304,2388,2406,2424
NC180,"DURHAM/CHAPEL HILL, NC",1815,1815,1815,1815,1920,2160,2181,2190,2304,2178,2187,2199,2352,2541,2184,2193,2376,1956,2157,2196,2607,2907,2934,2955
NC181,"ELIZABETH CITY, NC",1779,1779,1779,1779,1887,1941,1959,1968,2073,1956,1965,1977,2127,2340,1962,1971,2154,1902,1938,1974,2415,2751,2775,2793
NC182,"FORT BRAGG/POPE, NC",1530,1530,1530,1530,1572,1890,1911,1935,2022,1908,1923,1956,2052,2169,1914,1947,2064,1617,1887,1953,2208,2391,2412,2427
NC183,"SEYMOUR JOHNSON AFB, NC",1230,1230,1230,1230,1278,1542,1695,1860,2007,1560,1764,1968,2025,2094,1725,1935,2031,1317,1539,1962,2112,2217,2235,2250
NC184,"GREENSBORO, NC",1539,1539,1539,1539,1662,1863,1923,1989,2070,1878,1953,2037,2088,2151,1932,2022,2094,1692,1860,2034,2166,2262,2280,2295
NC185,"RALEIGH, NC",1938,1938,1938,1938,2082,2100,2130,2172,2256,2115,2151,2205,2283,2382,2136,2190,2295,2094,2097,2202,2412,2562,2583,2601
NC186,"WILMINGTON, NC",1779,1779,1779,1779,1845,2226,2319,2418,2577,2244,2364,2487,2613,2769,2337,2469,2634,1893,2223,2481,2820,3060,3081,3105
NC187,"ASHEVILLE, NC",1842,1842,1842,1842,1932,2094,2247,2418,2646,2109,2322,2529,2694,2883,2277,2499,2718,1959,2091,2523,2949,3252,3282,3306
ND188,"BISMARCK, ND",1218,1218,1218,1218,1386,1860,1896,1932,2013,1881,1914,1959,2040,2136,1899,1947,2049,1449,1857,1956,2166,2316,2334,2352
ND189,"FARGO, ND",1023,1023,1023,1023,1173,1623,1695,1773,1860,1644,1731,1827,1878,1941,1707,1809,1884,1233,1620,1824,1956,2052,2067,2082
ND190,"GRAND FORKS, ND",1233,1233,1233,1233,1440,1719,1740,1749,1818,1737,1746,1758,1848,1956,1743,1752,1860,1482,1716,1755,1992,2163,2178,2193
ND191,"MINOT AFB, ND",1218,1218,1218,1218,1344,1818,1848,1881,1944,1839,1866,1908,1965,2040,1851,1896,1974,1407,1812,1905,2061,2172,2190,2205
NE192,"OMAHA/OFFUTT AFB, NE",1458,1458,1458,1458,1680,1911,1935,1962,2064,1929,1950,1986,2100,2235,1938,1974,2115,1716,1908,1983,2283,2499,2520,2535
NE193,"LINCOLN, NE",1311,1311,1311,1311,1455,1851,1875,1884,1917,1872,1881,1893,1941,2034,1878,1887,1950,1509,1848,1890,2061,2202,2220,2235
NH194,"PORTSMOUTH, NH/KITTERY, ME",2568,2568,2568,2568,2784,3204,3294,3390,3606,3225,3336,3456,3666,3918,3309,3435,3702,2841,3201,3453,4005,4404,4443,4479
NH195,"MANCHESTER/CONCORD, NH",2454,2454,2454,2454,2538,2940,3147,3369,3540,2961,3240,3513,3555,3600,3186,3471,3558,2592,2937,3504,3612,3684,3717,3744
NJ196,"ATLANTIC CITY, NJ",2115,2115,2115,2115,2166,2811,2874,2943,3075,2832,2904,2988,3114,3264,2883,2973,3132,2247,2802,2985,3315,3549,3579,3609
NJ198,"CAPE MAY, NJ",1842,1842,1842,1842,1968,2235,2271,2310,2427,2253,2289,2340,2466,2616,2274,2328,2484,2007,2232,2337,2667,2907,2931,2952
NJ200,"FORT MONMOUTH/EARLE NWS, NJ",3027,3027,3027,3027,3165,3651,3741,3834,3981,3672,3780,3897,4017,4158,3756,3879,4035,3231,3645,3894,4206,4428,4467,4506
NJ201,"PERTH AMBOY, NJ",2628,2628,2628,2628,2757,3216,3348,3489,3600,3237,3408,3579,3612,3645,3372,3555,3615,2817,3213,3576,3654,3705,3738,3765
NJ202,NORTHERN NEW JERSEY,3546,3546,3546,3546,3882,4098,4113,4122,4230,4110,4119,4131,4278,4482,4116,4125,4305,3912,4095,4128,4554,4875,4917,4959
NJ203,"TRENTON, NJ",2679,2679,2679,2679,2862,3366,3390,3399,3537,3387,3396,3408,3603,3867,3393,3402,3639,2928,3363,3405,3960,4383,4422,4458
NJ204,"JB MCGUIRE-DIX-LAKEHURST, NJ",2442,2442,2442,2442,2451,3078,3135,3192,3330,3099,3162,3234,3375,3540,3141,3219,3396,2532,3072,3231,3597,3861,3897,3927
NM205,"HOLLOMAN AFB/ALAMOGORDO, NM",1110,1110,1110,1110,1224,1470,1494,1521,1611,1488,1506,1542,1644,1770,1497,1530,1659,1263,1467,1539,1809,2007,2022,2034
NM206,"ALBUQUERQUE/KIRTLAND AFB, NM",1731,1731,1731,1731,1908,1953,1971,1992,2067,1968,1980,2010,2094,2196,1974,2001,2103,1920,1950,2007,2229,2385,2406,2421
NM207,"CANNON AFB/CLOVIS, NM",1101,1101,1101,1101,1197,1368,1440,1521,1581,1383,1476,1578,1584,1590,1452,1560,1587,1224,1365,1575,1593,1596,1599,1602
NM209,"WHITE SANDS MR/LAS CRUCES, NM",1224,1224,1224,1224,1458,1689,1725,1764,1821,1707,1743,1791,1839,1893,1728,1779,1842,1494,1686,1788,1908,1995,2010,2022
NM210,"SANTA FE/LOS ALAMOS, NM",1971,1971,1971,1971,2181,2703,2751,2796,2886,2724,2772,2829,2916,3018,2754,2817,2925,2250,2700,2826,3048,3207,3237,3261
NV211,"FALLON NAS, NV",1329,1329,1329,1329,1410,1581,1752,1938,2118,1596,1830,2061,2145,2244,1785,2025,2154,1440,1578,2055,2274,2427,2445,2463
NV212,"NELLIS AFB/LAS VEGAS, NV",1947,1947,1947,1947,2073,2301,2331,2367,2439,2316,2349,2394,2463,2547,2334,2382,2472,2109,2298,2391,2571,2703,2724,2745
NV213,"RENO/CARSON CITY, NV",2073,2073,2073,2073,2340,2502,2583,2676,2820,2517,2625,2736,2856,3000,2598,2718,2874,2367,2499,2733,3048,3270,3300,3324
NY215,"BALLSTON SPA/ALBANY, NY",2031,2031,2031,2031,2154,2391,2568,2760,2952,2409,2649,2886,2985,3096,2604,2850,2997,2190,2388,2880,3135,3312,3339,3366
NY216,"BUFFALO, NY",1788,1788,1788,1788,2064,2082,2223,2385,2541,2097,2292,2490,2565,2649,2253,2460,2571,2076,2079,2484,2676,2811,2835,2856
NY217,"WEST POINT, NY",2586,2586,2586,2586,2838,3501,3525,3534,3618,3522,3531,3543,3657,3810,3528,3537,3675,2922,3492,3540,3861,4101,4137,4170
NY218,"LONG ISLAND, NY",3378,3378,3378,3378,3708,4140,4230,4323,4548,4161,4269,4386,4614,4884,4245,4365,4650,3768,4137,4383,4980,5412,5460,5508
NY219,"NEW YORK CITY, NY",3588,3588,3588,3588,3666,3684,3876,4089,4356,3699,3966,4230,4407,4617,3915,4188,4437,3678,3681,4221,4692,5025,5070,5115
NY221,"ROCHESTER, NY",1638,1638,1638,1638,1839,2004,2082,2169,2322,2019,2121,2226,2361,2520,2094,2208,2382,1869,2001,2223,2574,2823,2847,2868
NY222,"ROME/GRIFFISS AFB, NY",1557,1557,1557,1557,1731,2316,2466,2628,2781,2337,2535,2733,2805,2889,2496,2703,2814,1806,2310,2727,2913,3045,3069,3093
NY223,"SYRACUSE, NY",1479,1479,1479,1479,1656,1977,2076,2184,2328,1998,2124,2253,2361,2487,2094,2235,2376,1701,1974,2250,2529,2727,2748,2769
NY225,"FORT DRUM/WATERTOWN, NY",1428,1428,1428,1428,1539,1710,1902,2115,2307,1728,1992,2250,2334,2427,1941,2211,2343,1566,1707,2241,2457,2607,2628,2646
NY349,"WESTCHESTER COUNTY, NY",3633,3633,3633,3633,3792,5130,5196,5265,5511,5151,5226,5310,5595,5928,5205,5295,5640,3948,5109,5307,6051,6588,6648,6708
NY413,"STATEN ISLAND, NY",2967,2967,2967,2967,3168,3573,3708,3852,4059,3594,3771,3945,4104,4290,3732,3918,4128,3222,3570,3942,4356,4650,4692,4731
OH227,"AKRON, OH",1356,1356,1356,1356,1392,1794,1818,1827,1848,1815,1824,1836,1869,1941,1821,1830,1875,1446,1791,1833,1962,2076,2091,2106
OH228,"CINCINNATI, OH",1791,1791,1791,1791,2064,2340,2361,2370,2448,2358,2367,2379,2481,2604,2364,2373,2496,2103,2337,2376,2646,2844,2868,2889
OH229,"CLEVELAND, OH",1410,1410,1410,1410,1629,2073,2112,2151,2253,2094,2130,2178,2286,2415,2115,2166,2301,1689,2070,2175,2457,2658,2679,2700
OH230,"COLUMBUS, OH",1596,1596,1596,1596,1656,1944,2058,2187,2319,1962,2115,2268,2343,2427,2082,2244,2349,1698,1941,2265,2454,2586,2607,2625
OH231,"WRIGHT-PATTERSON AFB, OH",1311,1311,1311,1311,1407,1578,1605,1632,1752,1596,1617,1656,1794,1956,1608,1647,1812,1434,1575,1653,2010,2268,2286,2301
OH232,"TOLEDO, OH",1572,1572,1572,1572,1710,1836,1854,1863,1956,1851,1860,1872,2007,2196,1857,1866,2031,1734,1833,1869,2262,2565,2586,2607
OH233,"YOUNGSTOWN, OH",987,987,987,987,1056,1128,1317,1530,1668,1143,1407,1665,1671,1677,1356,1626,1674,1071,1125,1656,1680,1683,1686,1689
OK235,"ALTUS AFB, OK",1017,1017,1017,1017,1074,1299,1386,1485,1629,1317,1428,1548,1665,1800,1401,1527,1680,1110,1296,1545,1845,2061,2076,2091
OK236,"VANCE AFB/ENID, OK",939,939,939,939,996,1260,1341,1431,1545,1278,1380,1491,1572,1671,1356,1473,1584,1035,1257,1488,1701,1851,1866,1875
OK237,"FORT SILL/LAWTON, OK",1077,1077,1077,1077,1122,1314,1389,1470,1590,1329,1425,1524,1620,1734,1401,1509,1635,1155,1311,1521,1770,1947,1962,1974
OK239,"OKLAHOMA CITY, OK",1431,1431,1431,1431,1536,1605,1668,1743,1848,1620,1701,1794,1875,1968,1677,1776,1884,1551,1602,1791,1998,2148,2166,2178
OK240,"TULSA, OK",1257,1257,1257,1257,1299,1662,1713,1770,1875,1680,1740,1809,1908,2025,1719,1794,1920,1350,1659,1806,2064,2250,2268,2283
OR241,"ASTORIA, OR",1509,1509,1509,1509,1635,2301,2427,2559,2718,2322,2484,2646,2748,2865,2448,2622,2760,1719,2292,2643,2904,3087,3114,3138
OR242,"COOS BAY, OR",1590,1590,1590,1590,1809,2259,2442,2634,2817,2283,2523,2760,2844,2940,2475,2724,2853,1869,2256,2754,2970,3120,3147,3171
OR243,"PORTLAND, OR",2118,2118,2118,2118,2271,2691,2805,2928,3105,2712,2859,3006,3147,3312,2826,2985,3168,2328,2688,3003,3366,3627,3657,3687
OR244,"SALEM, OR",1659,1659,1659,1659,1755,2100,2220,2349,2514,2118,2274,2433,2550,2682,2241,2409,2565,1803,2097,2430,2727,2940,2964,2988
OR245,"CORVALLIS, OR",2004,2004,2004,2004,2226,2415,2448,2484,2625,2433,2466,2514,2673,2859,2451,2502,2694,2256,2412,2511,2925,3225,3252,3279
OR246,"EUGENE, OR",1899,1899,1899,1899,2034,2349,2439,2538,2685,2367,2481,2601,2721,2862,2454,2583,2739,2079,2346,2598,2907,3129,3156,3180
PA247,"CARLISLE BARRACKS, PA",1743,1743,1743,1743,1938,2229,2250,2259,2346,2247,2256,2268,2394,2577,2253,2262,2415,1980,2226,2265,2640,2928,2952,2976
PA248,"PHILADELPHIA, PA/CAMDEN, NJ",2106,2106,2106,2106,2346,2601,2673,2748,2880,2619,2706,2802,2916,3051,2682,2784,2931,2385,2598,2799,3096,3306,3336,3363
PA249,"WILLOW GROVE, PA",2532,2532,2532,2532,2751,2985,3003,3012,3048,3000,3009,3021,3075,3171,3006,3015,3084,2787,2982,3018,3201,3351,3381,3405
PA250,"PITTSBURGH, PA",1713,1713,1713,1713,1845,2445,2469,2478,2526,2466,2475,2487,2559,2673,2472,2481,2571,1923,2439,2484,2712,2895,2919,2940
PA252,"STATE COLLEGE, PA",1410,1410,1410,1410,1551,1941,2025,2112,2247,1962,2061,2169,2283,2415,2037,2151,2298,1605,1938,2166,2457,2667,2688,2709
PA253,"ERIE, PA",1299,1299,1299,1299,1302,1566,1617,1677,1770,1584,1644,1716,1797,1893,1626,1701,1806,1335,1563,1713,1923,2070,2088,2100
PA254,"WILKES-BARRE/SCRANTON, PA",1545,1545,1545,1545,1596,1746,1821,1905,2031,1761,1857,1959,2064,2184,1833,1944,2076,1623,1743,1956,2223,2415,2433,2451
PA255,"ALLENTOWN/BETHLEHEM, PA",2058,2058,2058,2058,2145,2583,2607,2616,2658,2604,2613,2625,2685,2790,2610,2619,2697,2202,2580,2622,2826,2991,3018,3039
RI256,"NEWPORT, RI",2541,2541,2541,2541,2748,3225,3318,3417,3573,3243,3363,3483,3609,3765,3336,3465,3633,2808,3222,3480,3816,4053,4086,4119
RI257,"PROVIDENCE, RI",2442,2442,2442,2442,2595,3048,3195,3354,3555,3066,3261,3459,3594,3756,3225,3429,3615,2652,3045,3450,3813,4068,4101,4134
SC258,"BEAUFORT/PARRIS ISLAND, SC",2172,2172,2172,2172,2247,2523,2544,2553,2673,2541,2550,2562,2721,2922,2547,2556,2748,2286,2523,2559,2994,3309,3336,3360
SC259,"CHARLESTON, SC",1989,1989,1989,1989,2079,2256,2298,2346,2418,2271,2319,2379,2439,2511,2301,2367,2445,2109,2253,2376,2532,2640,2664,2682
SC260,"COLUMBIA/FORT JACKSON, SC",1680,1680,1680,1680,1746,1971,1998,2028,2124,1986,2013,2052,2157,2283,2001,2043,2172,1779,1968,2049,2325,2523,2544,2562
SC261,"GREENVILLE, SC",1659,1659,1659,1659,1815,1890,1908,1917,1989,1905,1914,1929,2019,2130,1911,1920,2031,1833,1887,1926,2166,2340,2358,2376
SC262,"MYRTLE BEACH, SC",1857,1857,1857,1857,1944,2172,2208,2244,2355,2190,2226,2274,2391,2532,2211,2262,2409,1977,2169,2271,2580,2802,2826,2844
SC263,"SUMTER/SHAW AFB, SC",1266,1266,1266,1266,1323,1596,1662,1734,1839,1614,1695,1782,1866,1965,1671,1767,1875,1362,1593,1779,1995,2148,2163,2178
SD264,"RAPID CITY/ELLSWORTH AFB, SD",1509,1509,1509,1509,1671,1920,1974,2037,2145,1935,2001,2079,2175,2286,1983,2064,2187,1710,1917,2076,2325,2502,2523,2538
SD265,"SIOUX FALLS, SD",1314,1314,1314,1314,1437,1998,2022,2031,2082,2019,2028,2040,2106,2202,2025,2034,2115,1509,1992,2037,2232,2379,2397,2415
TN266,"CHATTANOOGA, TN",1605,1605,1605,1605,1683,2148,2172,2181,2265,2169,2178,2190,2310,2484,2175,2184,2331,1743,2145,2187,2544,2820,2844,2865
TN267,"KNOXVILLE, TN",1719,1719,1719,1719,1845,2187,2307,2436,2580,2205,2361,2520,2604,2709,2331,2496,2619,1890,2184,2514,2742,2898,2922,2943
TN268,"MEMPHIS, TN",1956,1956,1956,1956,2064,2082,2100,2109,2154,2097,2106,2118,2187,2304,2103,2112,2199,2076,2079,2115,2343,2526,2547,2565
TN269,"NASHVILLE, TN",1974,1974,1974,1974,2127,2355,2376,2391,2469,2373,2382,2409,2499,2607,2379,2400,2508,2163,2352,2406,2643,2814,2838,2859
TN353,"JOHNSON CITY/KINGSPORT, TN",1293,1293,1293,1293,1368,1521,1680,1857,2043,1539,1755,1971,2076,2199,1713,1938,2091,1395,1518,1965,2241,2436,2454,2472
TX270,"ABILENE/DYESS AFB, TX",1191,1191,1191,1191,1329,1932,1956,1965,2037,1953,1962,1980,2064,2163,1959,1971,2073,1407,1926,1977,2196,2352,2373,2388
TX272,"AUSTIN, TX",2163,2163,2163,2163,2385,2784,2808,2817,2898,2805,2814,2826,2940,3111,2811,2820,2961,2439,2781,2823,3168,3438,3468,3495
TX273,"BEAUMONT, TX",1326,1326,1326,1326,1464,1803,1827,1854,1965,1821,1842,1875,2004,2157,1830,1866,2022,1512,1800,1872,2208,2451,2472,2487
TX274,"COLLEGE STATION, TX",1281,1281,1281,1281,1404,1899,1950,2004,2142,1920,1977,2043,2184,2352,1956,2031,2205,1470,1893,2040,2409,2673,2697,2715
TX275,"CORPUS CHRISTI, TX",1512,1512,1512,1512,1656,2124,2160,2196,2304,2145,2178,2223,2340,2478,2163,2211,2355,1719,2121,2220,2523,2742,2766,2787
TX277,"DALLAS, TX",2166,2166,2166,2166,2418,2685,2706,2715,2793,2703,2712,2724,2835,2997,2709,2718,2856,2457,2682,2721,3054,3312,3342,3369
TX278,"LAUGHLIN AFB/DEL RIO, TX",1140,1140,1140,1140,1248,1539,1647,1764,1902,1557,1698,1839,1932,2040,1665,1818,1944,1290,1536,1836,2076,2244,2262,2277
TX279,"EL PASO, TX",1437,1437,1437,1437,1587,1716,1758,1809,1884,1731,1782,1848,1905,1977,1764,1833,1911,1611,1713,1845,1998,2106,2121,2136
TX281,"BROWNSVILLE, TX",1380,1380,1380,1380,1458,1884,2076,2286,2505,1905,2166,2418,2541,2685,2115,2382,2559,1515,1881,2412,2733,2958,2982,3006
TX282,"HOUSTON, TX",1899,1899,1899,1899,2124,2448,2469,2475,2589,2466,2475,2490,2628,2799,2472,2484,2652,2169,2448,2487,2856,3123,3147,3171
TX283,"LUBBOCK, TX",1281,1281,1281,1281,1389,1740,1791,1845,1959,1761,1815,1881,1992,2127,1797,1869,2010,1437,1737,1878,2172,2379,2400,2415
TX284,"GOODFELLOW AFB, TX",1224,1224,1224,1224,1374,1593,1692,1800,1905,1611,1737,1869,1923,1986,1710,1848,1929,1407,1590,1866,2004,2100,2118,2130
TX285,"SAN ANTONIO, TX",1863,1863,1863,1863,2061,2079,2097,2106,2151,2094,2103,2115,2181,2298,2100,2109,2193,2073,2076,2112,2334,2514,2535,2553
TX286,"FORT HOOD, TX",1284,1284,1284,1284,1287,1485,1650,1830,1977,1503,1725,1947,1995,2046,1683,1914,1998,1311,1482,1938,2061,2142,2160,2175
TX288,"WICHITA FLS/SHEPPARD AFB, TX",1134,1134,1134,1134,1236,1656,1755,1857,1950,1677,1800,1923,1965,2010,1770,1905,1968,1293,1653,1920,2022,2091,2109,2121
TX356,"FORT WORTH, TX",1875,1875,1875,1875,2040,2406,2427,2436,2466,2424,2433,2445,2490,2574,2430,2439,2499,2091,2403,2442,2601,2733,2757,2778
TX415,"WACO,TX",1416,1416,1416,1416,1548,1830,1953,2088,2277,1848,2010,2172,2319,2490,1977,2148,2340,1590,1827,2169,2550,2820,2844,2865
UT291,"OGDEN/HILL AFB, UT",1824,1824,1824,1824,1965,2040,2061,2085,2163,2055,2073,2106,2193,2298,2064,2097,2205,1983,2037,2103,2331,2493,2514,2532
UT292,"SALT LAKE CITY, UT",1902,1902,1902,1902,2076,2247,2370,2508,2631,2262,2430,2598,2652,2709,2394,2571,2655,2106,2244,2595,2727,2817,2841,2862
UT357,"PROVO, UT",1854,1854,1854,1854,1929,1989,2163,2355,2508,2004,2244,2481,2523,2571,2196,2445,2526,1947,1986,2475,2583,2658,2679,2700
VA295,"CHARLOTTESVILLE, VA",1851,1851,1851,1851,1932,2220,2367,2529,2694,2238,2436,2631,2721,2826,2394,2601,2733,1974,2217,2625,2859,3021,3048,3072
VA296,"QUANTICO/WOODBRIDGE, VA",2397,2397,2397,2397,2529,2661,2796,2949,3150,2673,2862,3048,3192,3366,2826,3021,3216,2550,2658,3039,3426,3699,3729,3759
VA297,"HAMPTON/NEWPORT NEWS, VA",1830,1830,1830,1830,2007,2025,2046,2076,2190,2040,2061,2100,2232,2388,2049,2091,2250,2019,2022,2097,2442,2691,2715,2733
VA298,"NORFOLK/PORTSMOUTH, VA",1914,1914,1914,1914,2034,2178,2196,2217,2316,2193,2205,2235,2352,2496,2199,2226,2370,2061,2175,2232,2544,2769,2790,2811
VA301,"RICHMOND/FORT LEE, VA",1839,1839,1839,1839,1950,1968,1986,1995,2073,1983,1992,2004,2115,2283,1989,1998,2136,1962,1965,2001,2340,2607,2628,2649
VA302,"WARRENTON, VA",2409,2409,2409,2409,2532,2784,2880,2988,3189,2799,2928,3057,3243,3462,2898,3039,3273,2571,2781,3054,3540,3885,3921,3951
VA303,"LEXINGTON, VA",1218,1218,1218,1218,1272,1602,1671,1746,1869,1620,1704,1797,1902,2025,1683,1782,1917,1317,1599,1794,2067,2262,2280,2298
VA362,"ROANOKE, VA",1518,1518,1518,1518,1608,1740,1842,1959,2070,1755,1893,2034,2091,2157,1863,2010,2097,1632,1737,2031,2175,2277,2295,2310
VA368,"DAHLGREN/FORT AP HILL, VA",2004,2004,2004,2004,2007,2196,2256,2325,2475,2214,2286,2370,2520,2700,2265,2355,2544,2031,2193,2367,2763,3045,3072,3096
VT305,"BURLINGTON, VT",2319,2319,2319,2319,2634,3162,3291,3429,3621,3183,3351,3519,3663,3834,3315,3492,3687,2703,3156,3513,3894,4164,4200,4236
WA306,"BREMERTON, WA",2136,2136,2136,2136,2181,2631,2748,2871,3009,2652,2799,2952,3036,3132,2769,2928,3045,2241,2628,2946,3165,3315,3345,3372
WA307,"EVERETT, WA",2349,2349,2349,2349,2505,2799,2958,3129,3300,2820,3030,3240,3327,3429,2988,3207,3339,2547,2796,3234,3462,3624,3654,3684
WA308,"PORT ANGELES, WA",1872,1872,1872,1872,2121,2631,2700,2769,2856,2652,2730,2817,2877,2946,2709,2802,2883,2187,2628,2814,2967,3075,3099,3123
WA309,"SEATTLE, WA",2793,2793,2793,2793,2910,3609,3708,3813,3957,3630,3753,3882,3990,4119,3726,3861,4005,2997,3600,3879,4161,4362,4401,4440
WA310,"SPOKANE, WA",1821,1821,1821,1821,2079,2316,2403,2502,2613,2331,2448,2568,2637,2721,2418,2547,2646,2115,2313,2565,2745,2874,2898,2919
WA311,"TACOMA, WA",2145,2145,2145,2145,2298,2691,2778,2868,2976,2712,2817,2931,2997,3075,2790,2910,3006,2352,2688,2928,3099,3222,3249,3276
WA312,"WHIDBEY ISLAND, WA",1692,1692,1692,1692,1779,2262,2400,2544,2688,2286,2463,2640,2712,2796,2424,2613,2721,1842,2259,2634,2823,2955,2979,3000
WA313,"YAKIMA, WA",1353,1353,1353,1353,1575,1953,2070,2193,2355,1974,2121,2271,2394,2532,2091,2250,2409,1626,1950,2268,2580,2802,2826,2847
WI316,"MADISON, WI",1737,1737,1737,1737,1926,2082,2268,2472,2670,2097,2352,2604,2700,2811,2304,2565,2712,1953,2079,2595,2847,3021,3048,3069
WI317,"MILWAUKEE, WI",1995,1995,1995,1995,2178,2196,2409,2646,2874,2211,2508,2799,2907,3033,2451,2757,2922,2190,2193,2790,3075,3273,3300,3327
WI318,"SPARTA/FORT MCCOY, WI",1125,1125,1125,1125,1161,1635,1659,1668,1686,1656,1665,1677,1707,1776,1662,1671,1713,1224,1632,1674,1797,1902,1917,1929
WI359,"STEVENS POINT, WI",1116,1116,1116,1116,1266,1362,1386,1416,1479,1377,1401,1440,1503,1575,1389,1431,1509,1284,1359,1437,1596,1710,1725,1734
WV320,"MORGANTOWN, WV",1359,1359,1359,1359,1587,1764,1845,1935,2019,1782,1884,1995,2031,2076,1860,1977,2034,1617,1761,1992,2085,2148,2166,2181
WV322,"HUNTINGTON, WV",1341,1341,1341,1341,1416,1623,1641,1650,1710,1638,1647,1659,1743,1878,1644,1653,1761,1449,1620,1656,1923,2133,2151,2166
WV323,"CHARLESTON, WV",963,963,963,963,1044,1344,1407,1473,1584,1362,1437,1518,1614,1725,1416,1503,1626,1086,1341,1515,1758,1932,1947,1959
WV454,"EASTERN PANHANDLE, WV",1740,1740,1740,1740,1959,2139,2160,2169,2253,2157,2166,2178,2292,2439,2163,2172,2310,1989,2136,2175,2487,2721,2742,2763
WY324,"CHEYENNE, WY",1164,1164,1164,1164,1314,1887,1923,1959,2049,1908,1941,1986,2082,2196,1926,1974,2094,1389,1881,1983,2235,2415,2436,2451
ZZ510,COUNTY COST GROUP 510,1119,1119,1119,1119,1209,1467,1530,1599,1698,1485,1563,1647,1722,1812,1539,1632,1731,1248,1464,1644,1839,1980,1995,2007
ZZ520,COUNTY COST GROUP 520,1134,1134,1134,1134,1224,1485,1545,1614,1713,1500,1578,1662,1740,1830,1557,1647,1749,1263,1482,1659,1857,1998,2016,2028
ZZ530,COUNTY COST GROUP 530,1146,1146,1146,1146,1239,1497,1560,1632,1731,1515,1593,1677,1755,1845,1572,1662,1764,1278,1494,1674,1875,2016,2034,2046
ZZ540,COUNTY COST GROUP 540,1161,1161,1161,1161,1254,1515,1578,1647,1746,1533,1608,1695,1773,1863,1587,1680,1782,1293,1512,1692,1893,2037,2052,2064
ZZ550,COUNTY COST GROUP 550,1170,1170,1170,1170,1263,1527,1590,1659,1758,1542,1620,1707,1785,1878,1599,1692,1794,1302,1524,1704,1905,2049,2067,2079
ZZ560,COUNTY COST GROUP 560,1179,1179,1179,1179,1272,1536,1599,1668,1767,1551,1629,1716,1794,1887,1608,1701,1803,1311,1533,1713,1917,2061,2076,2091
ZZ570,COUNTY COST GROUP 570,1185,1185,1185,1185,1278,1542,1605,1674,1776,1560,1635,1722,1800,1896,1614,1707,1812,1317,1539,1719,1923,2070,2085,2100
ZZ580,COUNTY COST GROUP 580,1191,1191,1191,1191,1284,1548,1611,1680,1782,1566,1641,1728,1809,1902,1620,1713,1818,1323,1545,1725,1932,2076,2094,2106
ZZ590,COUNTY COST GROUP 590,1197,1197,1197,1197,1290,1554,1617,1686,1788,1572,1647,1734,1815,1908,1626,1719,1824,1329,1551,1731,1938,2082,2100,2112
ZZ600,COUNTY COST GROUP 600,1203,1203,1203,1203,1296,1560,1623,1692,1794,1575,1653,1740,1821,1914,1632,1725,1830,1335,1557,1737,1944,2091,2106,2121
ZZ610,COUNTY COST GROUP 610,1206,1206,1206,1206,1302,1563,1629,1698,1800,1581,1659,1746,1827,1920,1638,1731,1836,1341,1560,1743,1950,2097,2115,2127
ZZ620,COUNTY COST GROUP 620,1212,1212,1212,1212,1308,1569,1635,1704,1806,1587,1665,1752,1833,1926,1644,1737,1842,1347,1566,1749,1956,2103,2121,2133
ZZ630,COUNTY COST GROUP 630,1215,1215,1215,1215,1311,1575,1638,1710,1812,1593,1671,1758,1839,1932,1650,1743,1848,1350,1572,1755,1962,2109,2127,2142
ZZ640,COUNTY COST GROUP 640,1221,1221,1221,1221,1317,1581,1644,1716,1818,1599,1677,1764,1845,1938,1656,1749,1854,1356,1578,1761,1968,2118,2133,2148
ZZ650,COUNTY COST GROUP 650,1227,1227,1227,1227,1323,1587,1653,1722,1824,1605,1683,1770,1851,1947,1662,1755,1860,1362,1584,1767,1977,2127,2142,2157
ZZ660,COUNTY COST GROUP 660,1236,1236,1236,1236,1332,1596,1662,1731,1833,1614,1692,1779,1860,1956,1671,1764,1869,1371,1593,1776,1986,2136,2154,2166
ZZ670,COUNTY COST GROUP 670,1242,1242,1242,1242,1341,1605,1668,1740,1842,1623,1701,1788,1869,1965,1677,1773,1878,1380,1602,1785,1995,2145,2163,2178
ZZ680,COUNTY COST GROUP 680,1251,1251,1251,1251,1350,1614,1680,1752,1854,1632,1710,1800,1881,1977,1689,1782,1890,1389,1611,1797,2007,2157,2175,2190
ZZ690,COUNTY COST GROUP 690,1266,1266,1266,1266,1365,1629,1695,1767,1869,1647,1725,1815,1896,1995,1704,1797,1905,1404,1626,1812,2025,2175,2193,2208
ZZ700,COUNTY COST GROUP 700,1290,1290,1290,1290,1392,1659,1722,1794,1899,1674,1755,1842,1926,2025,1734,1827,1938,1431,1656,1839,2058,2211,2229,2244
ZZ710,COUNTY COST GROUP 710,1317,1317,1317,1317,1419,1686,1752,1824,1932,1704,1785,1875,1959,2058,1764,1857,1968,1458,1683,1872,2091,2247,2265,2280
ZZ720,COUNTY COST GROUP 720,1344,1344,1344,1344,1446,1716,1782,1854,1959,1731,1812,1902,1989,2088,1791,1887,1998,1485,1713,1899,2121,2280,2298,2313
ZZ730,COUNTY COST GROUP 730,1365,1365,1365,1365,1470,1740,1806,1878,1986,1755,1836,1929,2013,2115,1815,1911,2025,1509,1737,1926,2148,2310,2328,2343
ZZ740,COUNTY COST GROUP 740,1383,1383,1383,1383,1488,1761,1827,1899,2010,1779,1860,1950,2037,2142,1836,1935,2049,1530,1758,1947,2175,2334,2355,2370
ZZ750,COUNTY COST GROUP 750,1410,1410,1410,1410,1518,1788,1857,1929,2040,1806,1890,1980,2067,2172,1866,1962,2079,1557,1785,1977,2205,2370,2388,2406
ZZ760,COUNTY COST GROUP 760,1437,1437,1437,1437,1545,1818,1887,1959,2070,1836,1920,2010,2100,2205,1896,1995,2112,1584,1815,2007,2241,2406,2424,2442
ZZ770,COUNTY COST GROUP 770,1464,1464,1464,1464,1572,1848,1914,1989,2103,1866,1947,2040,2130,2238,1926,2025,2142,1614,1845,2037,2274,2439,2460,2478
ZZ780,COUNTY COST GROUP 780,1488,1488,1488,1488,1599,1875,1944,2019,2133,1893,1977,2070,2160,2268,1953,2052,2172,1641,1872,2067,2304,2475,2496,2511
ZZ790,COUNTY COST GROUP 790,1524,1524,1524,1524,1638,1917,1986,2061,2175,1935,2019,2112,2205,2316,1995,2094,2217,1680,1914,2109,2352,2523,2544,2562
ZZ800,COUNTY COST GROUP 800,1560,1560,1560,1560,1677,1956,2025,2100,2217,1974,2058,2154,2247,2361,2037,2136,2259,1716,1953,2151,2397,2571,2595,2613
ZZ810,COUNTY COST GROUP 810,1626,1626,1626,1626,1746,2028,2100,2175,2295,2046,2133,2229,2325,2442,2109,2211,2340,1788,2025,2226,2478,2661,2682,2703
ZZ820,COUNTY COST GROUP 820,1701,1701,1701,1701,1824,2112,2181,2262,2382,2127,2217,2313,2415,2535,2193,2298,2427,1866,2109,2310,2574,2760,2784,2805
ZZ830,COUNTY COST GROUP 830,1797,1797,1797,1797,1926,2217,2289,2370,2496,2235,2325,2424,2529,2652,2301,2406,2541,1968,2214,2421,2694,2889,2913,2934
ZZ840,COUNTY COST GROUP 840,1866,1866,1866,1866,1998,2292,2364,2445,2574,2310,2400,2499,2610,2736,2376,2484,2622,2040,2289,2496,2778,2979,3006,3027
ZZ850,COUNTY COST GROUP 850,1923,1923,1923,1923,2061,2355,2430,2514,2643,2373,2466,2568,2679,2808,2442,2550,2694,2103,2352,2565,2853,3057,3084,3108
ZZ860,COUNTY COST GROUP 860,1998,1998,1998,1998,2136,2436,2514,2595,2730,2454,2550,2652,2766,2901,2526,2634,2781,2181,2433,2649,2946,3156,3183,3207
ZZ870,COUNTY COST GROUP 870,2079,2079,2079,2079,2226,2529,2607,2691,2829,2547,2643,2748,2865,3003,2619,2730,2880,2268,2526,2745,3048,3267,3297,3321
